HITId,HITTypeId,Title,Description,Keywords,Reward,CreationTime,MaxAssignments,RequesterAnnotation,AssignmentDurationInSeconds,AutoApprovalDelayInSeconds,Expiration,NumberOfSimilarHITs,LifetimeInSeconds,AssignmentId,WorkerId,AssignmentStatus,AcceptTime,SubmitTime,AutoApprovalTime,ApprovalTime,RejectionTime,RequesterFeedback,WorkTimeInSeconds,LifetimeApprovalRate,Last30DaysApprovalRate,Last7DaysApprovalRate,Input.vid_url,Answer.answer,Approve,Reject
34OWYT6U3WU4PON4NGRAM8PLBZXI91,3TAPATTOAY4X2CANPY15VLJE4CZC9L,transcribe the information in the video,transcribe the information from the info board and score board,"transcribe, video, label",$0.02,Mon Aug 21 11:23:18 PDT 2017,1,BatchId:2913768;OriginalHitTemplateId:920937336;,3600,604800,Mon Aug 28 11:23:18 PDT 2017,,,3G5W44VEU8VDXDYURRNYFPL7IWDKGN,AT84QVMJKN6PU,Submitted,Mon Aug 21 15:09:00 PDT 2017,Mon Aug 21 15:10:10 PDT 2017,Mon Aug 28 15:10:10 PDT 2017,,,,70,0% (0/0),0% (0/0),0% (0/0),http://svcl.ucsd.edu/~yingwei/internal/diving_share/firstphase/video_first10/Y4ARBzok9aU_027.mp4,"[{""action1"":""Inward"",""action2"":""35som"",""action3"":""NoTwis"",""action4"":""NoArms"",""athelete_name"":""Jose Antonio Guerre"",""cam_view"":"""",""position"":""TUCK"",""slow_motion"":false,""start_time"":-1,""stop_time"":-1,""dive"":""3"",""difficulty"":3.2,""score_time"":40.18,""exe_score"":""9.0,8.5,9.0,9.0,8.5,9.0,9.0""}]",,
3UQVX1UPFSUII9LPYHNP6HHBJZ702X,3TAPATTOAY4X2CANPY15VLJE4CZC9L,transcribe the information in the video,transcribe the information from the info board and score board,"transcribe, video, label",$0.02,Mon Aug 21 11:23:18 PDT 2017,1,BatchId:2913768;OriginalHitTemplateId:920937336;,3600,604800,Mon Aug 28 11:23:18 PDT 2017,,,3AZHRG4CU5XAQBF2SJ6WDBHP0T430U,AT84QVMJKN6PU,Submitted,Mon Aug 21 15:11:31 PDT 2017,Mon Aug 21 15:12:47 PDT 2017,Mon Aug 28 15:12:47 PDT 2017,,,,76,0% (0/0),0% (0/0),0% (0/0),http://svcl.ucsd.edu/~yingwei/internal/diving_share/firstphase/video_first10/V5parOfpuEQ_048.mp4,"[{""action1"":""Inward"",""action2"":""45som"",""action3"":""NoTwis"",""action4"":""NoArms"",""athelete_name"":""Ivan Garcia Navarro"",""cam_view"":"""",""position"":""TUCK"",""slow_motion"":false,""start_time"":-1,""stop_time"":-1,""dive"":""3"",""difficulty"":4.1,""score_time"":52.85,""exe_score"":""7.0,6.0,7.0,7.0,7.0,6.5,7.0""}]",,Your submission doesn't meet our demand.
3Y7LTZE0YTZO460HLVANIZFPKX9UZ1,3TAPATTOAY4X2CANPY15VLJE4CZC9L,transcribe the information in the video,transcribe the information from the info board and score board,"transcribe, video, label",$0.02,Mon Aug 21 11:23:18 PDT 2017,1,BatchId:2913768;OriginalHitTemplateId:920937336;,3600,604800,Mon Aug 28 11:23:18 PDT 2017,,,3DZQRBDBSMSARKZE1LPGNHN8VJJ3S9,AAMTSEDQYCRKI,Submitted,Mon Aug 21 11:49:20 PDT 2017,Mon Aug 21 11:50:49 PDT 2017,Mon Aug 28 11:50:49 PDT 2017,,,,89,0% (0/0),0% (0/0),0% (0/0),http://svcl.ucsd.edu/~yingwei/internal/diving_share/firstphase/video_first10/D6zILEKIJbk_013.mp4,"[{""action1"":""Forward"",""action2"":""35som"",""action3"":""NoTwis"",""action4"":""NoArms"",""athelete_name"":""Melissa Wu"",""cam_view"":"""",""position"":""PIKE"",""slow_motion"":false,""start_time"":-1,""stop_time"":-1,""dive"":"""",""difficulty"":3,""score_time"":37.35,""exe_score"":""8.0,8.5,8.0,8.0,8.5,8.5,8.0""}]",x,
3EFNPKWBMS173RH82H1UPRM3PD7038,3TAPATTOAY4X2CANPY15VLJE4CZC9L,transcribe the information in the video,transcribe the information from the info board and score board,"transcribe, video, label",$0.02,Mon Aug 21 11:23:18 PDT 2017,1,BatchId:2913768;OriginalHitTemplateId:920937336;,3600,604800,Mon Aug 28 11:23:18 PDT 2017,,,3VZLGYJEYMNJ8US6G2QCQQ9FPVLXZD,AT84QVMJKN6PU,Submitted,Mon Aug 21 15:07:07 PDT 2017,Mon Aug 21 15:08:50 PDT 2017,Mon Aug 28 15:08:50 PDT 2017,,,,103,0% (0/0),0% (0/0),0% (0/0),http://svcl.ucsd.edu/~yingwei/internal/diving_share/firstphase/video_first10/RWNrARSbRCY_007.mp4,"[{""action1"":""Inward"",""action2"":""35som"",""action3"":""NoTwis"",""action4"":""NoArms"",""athelete_name"":""Tonia couch"",""cam_view"":"""",""position"":""TUCK"",""slow_motion"":false,""start_time"":-1,""stop_time"":-1,""dive"":""407C"",""difficulty"":3.2,""score_time"":56.98,""exe_score"":""8.0,7.5,7.5,7.0,7.5,7.0,6.5""}]",,
34D9ZRXCYR77OL05KYZOM56SQFHSAI,3TAPATTOAY4X2CANPY15VLJE4CZC9L,transcribe the information in the video,transcribe the information from the info board and score board,"transcribe, video, label",$0.02,Mon Aug 21 11:23:18 PDT 2017,1,BatchId:2913768;OriginalHitTemplateId:920937336;,3600,604800,Mon Aug 28 11:23:18 PDT 2017,,,3PM8NZGV8ZTAU2RFT67ZZXXBKS6XQP,AT84QVMJKN6PU,Submitted,Mon Aug 21 15:22:02 PDT 2017,Mon Aug 21 15:23:07 PDT 2017,Mon Aug 28 15:23:07 PDT 2017,,,,65,0% (0/0),0% (0/0),0% (0/0),http://svcl.ucsd.edu/~yingwei/internal/diving_share/firstphase/video_first10/LNMISxO35S0_029.mp4,"[{""action1"":""Forward"",""action2"":""35som"",""action3"":""NoTwis"",""action4"":""NoArms"",""athelete_name"":""Florian Fandler"",""cam_view"":"""",""position"":""PIKE"",""slow_motion"":false,""start_time"":-1,""stop_time"":-1,""dive"":""4"",""difficulty"":3,""score_time"":35.82,""exe_score"":""7.0,7.5,7.5,7.0,7.5,7.5""}]",,
3B623HUYJ43T5X7QN0FAQE0X0RHS8E,3TAPATTOAY4X2CANPY15VLJE4CZC9L,transcribe the information in the video,transcribe the information from the info board and score board,"transcribe, video, label",$0.02,Mon Aug 21 11:23:18 PDT 2017,1,BatchId:2913768;OriginalHitTemplateId:920937336;,3600,604800,Mon Aug 28 11:23:18 PDT 2017,,,354P56DE9LGSS3013XS60YZO0NLS7N,AX9YGUHEVZ2P7,Submitted,Mon Aug 21 16:32:19 PDT 2017,Mon Aug 21 16:36:32 PDT 2017,Mon Aug 28 16:36:32 PDT 2017,,,,253,0% (0/0),0% (0/0),0% (0/0),http://svcl.ucsd.edu/~yingwei/internal/diving_share/firstphase/video_first10/ZAmJsIcfFOA_048.mp4,"[{""action1"":""Back"",""action2"":""35som"",""action3"":""NoTwis"",""action4"":""NoArms"",""athelete_name"":""Yulia Koltunova"",""cam_view"":"""",""position"":""TUCK"",""slow_motion"":false,""start_time"":-1,""stop_time"":-1,""dive"":""12"",""difficulty"":3.3,""score_time"":34.7,""exe_score"":""5.0,5.0,4.5,5.0,4.5,5.5,4.0""}]",,
3T2EL38U0MX77ITL342XBD2P9C5XQ2,3TAPATTOAY4X2CANPY15VLJE4CZC9L,transcribe the information in the video,transcribe the information from the info board and score board,"transcribe, video, label",$0.02,Mon Aug 21 11:23:18 PDT 2017,1,BatchId:2913768;OriginalHitTemplateId:920937336;,3600,604800,Mon Aug 28 11:23:18 PDT 2017,,,37ZHEEHM6XZO8MFMDIR5SQRC85B73V,AFHGUOVWFQOCV,Submitted,Mon Aug 21 12:20:54 PDT 2017,Mon Aug 21 12:25:29 PDT 2017,Mon Aug 28 12:25:29 PDT 2017,,,,275,0% (0/0),0% (0/0),0% (0/0),http://svcl.ucsd.edu/~yingwei/internal/diving_share/firstphase/video_first10/D6zILEKIJbk_032.mp4,"[{""action1"":""Inward"",""action2"":""35som"",""action3"":""NoTwis"",""action4"":""NoArms"",""athelete_name"":""BRITTANY BROBEN"",""cam_view"":"""",""position"":""TUCK"",""slow_motion"":false,""start_time"":-1,""stop_time"":-1,""dive"":"""",""difficulty"":3.2,""score_time"":36.72,""exe_score"":""8.5,8.5,9.0,8.0,8.5,9.0,85""}]",,
372AGES0I4I7JJ8LGJRXG3CU5Y7XR3,3TAPATTOAY4X2CANPY15VLJE4CZC9L,transcribe the information in the video,transcribe the information from the info board and score board,"transcribe, video, label",$0.02,Mon Aug 21 11:23:18 PDT 2017,1,BatchId:2913768;OriginalHitTemplateId:920937336;,3600,604800,Mon Aug 28 11:23:18 PDT 2017,,,3YWRV122CTCC7UXO27FCTZD7W4V8UP,AT84QVMJKN6PU,Submitted,Mon Aug 21 14:59:38 PDT 2017,Mon Aug 21 15:00:56 PDT 2017,Mon Aug 28 15:00:56 PDT 2017,,,,78,0% (0/0),0% (0/0),0% (0/0),http://svcl.ucsd.edu/~yingwei/internal/diving_share/firstphase/video_first10/ZAmJsIcfFOA_035.mp4,"[{""action1"":""Inward"",""action2"":""35som"",""action3"":""NoTwis"",""action4"":""NoArms"",""athelete_name"":""Kim Un Hyang"",""cam_view"":"""",""position"":""TUCK"",""slow_motion"":false,""start_time"":-1,""stop_time"":-1,""dive"":""2"",""difficulty"":3.2,""score_time"":47.26,""exe_score"":""8.0,7.5,7.5,8.0,7.5,7.5,7.5""}]",,
3XD2A6FGFN7TJ2Q0SSLOQAV8KXZS93,3TAPATTOAY4X2CANPY15VLJE4CZC9L,transcribe the information in the video,transcribe the information from the info board and score board,"transcribe, video, label",$0.02,Mon Aug 21 11:23:18 PDT 2017,1,BatchId:2913768;OriginalHitTemplateId:920937336;,3600,604800,Mon Aug 28 11:23:18 PDT 2017,,,36ZN444YTSBAJVP4F7FU7IFWHESOIG,AX9YGUHEVZ2P7,Submitted,Mon Aug 21 16:25:59 PDT 2017,Mon Aug 21 16:32:06 PDT 2017,Mon Aug 28 16:32:06 PDT 2017,,,,367,0% (0/0),0% (0/0),0% (0/0),http://svcl.ucsd.edu/~yingwei/internal/diving_share/firstphase/video_first10/LNMISxO35S0_022.mp4,"[{""action1"":""Inward"",""action2"":""35som"",""action3"":""NoTwis"",""action4"":""NoArms"",""athelete_name"":""Dylan Jacob GRISELL"",""cam_view"":"""",""position"":""TUCK"",""slow_motion"":false,""start_time"":-1,""stop_time"":-1,""dive"":""3"",""difficulty"":3.2,""score_time"":72.03,""exe_score"":""3.5,4.5,3.5,4.0,4.0,4.5,4.5""}]",,
3U18MJKL1UZY1N5YWGETT6MA3JUNC3,3TAPATTOAY4X2CANPY15VLJE4CZC9L,transcribe the information in the video,transcribe the information from the info board and score board,"transcribe, video, label",$0.02,Mon Aug 21 11:23:18 PDT 2017,1,BatchId:2913768;OriginalHitTemplateId:920937336;,3600,604800,Mon Aug 28 11:23:18 PDT 2017,,,352YTHGROWQ6J742Q5I0T88C0A2H4V,AT84QVMJKN6PU,Submitted,Mon Aug 21 15:12:51 PDT 2017,Mon Aug 21 15:14:14 PDT 2017,Mon Aug 28 15:14:14 PDT 2017,,,,83,0% (0/0),0% (0/0),0% (0/0),http://svcl.ucsd.edu/~yingwei/internal/diving_share/firstphase/video_first10/cYkUl8MrXgA_095.mp4,"[{""action1"":""Forward"",""action2"":""45som"",""action3"":""NoTwis"",""action4"":""NoArms"",""athelete_name"":""Peter Waterfield "",""cam_view"":"""",""position"":""TUCK"",""slow_motion"":false,""start_time"":-1,""stop_time"":-1,""dive"":""3"",""difficulty"":3.7,""score_time"":58.06,""exe_score"":""8.5,8.0,8.0,9.5,9.0,9.0,8.0""}]",,
3RKHNXPHGW9TFB1VLU7DVKRCGOWKU5,3TAPATTOAY4X2CANPY15VLJE4CZC9L,transcribe the information in the video,transcribe the information from the info board and score board,"transcribe, video, label",$0.02,Mon Aug 21 11:23:18 PDT 2017,1,BatchId:2913768;OriginalHitTemplateId:920937336;,3600,604800,Mon Aug 28 11:23:18 PDT 2017,,,3U5NZHP4LSFS80QLOPAOW6J7R4UPHM,A3OO2DFYKVPU2A,Submitted,Mon Aug 21 11:54:26 PDT 2017,Mon Aug 21 11:58:49 PDT 2017,Mon Aug 28 11:58:49 PDT 2017,,,,263,0% (0/0),0% (0/0),0% (0/0),http://svcl.ucsd.edu/~yingwei/internal/diving_share/firstphase/video_first10/cYkUl8MrXgA_004.mp4,"[{""action1"":""Back"",""action2"":""25som"",""action3"":""15Twis"",""action4"":""NoArms"",""athelete_name"":""Timofei Hordeichik"",""cam_view"":"""",""position"":""PIKE"",""slow_motion"":false,""start_time"":-1,""stop_time"":-1,""dive"":"""",""difficulty"":3.2,""score_time"":34.48,""exe_score"":""7.5,7.5,7.5,7.0,8.0,7.5,7.5""}]",,
37Y5RYYI0PIJKY8YV8R26DHQR0QXSR,3TAPATTOAY4X2CANPY15VLJE4CZC9L,transcribe the information in the video,transcribe the information from the info board and score board,"transcribe, video, label",$0.02,Mon Aug 21 11:23:18 PDT 2017,1,BatchId:2913768;OriginalHitTemplateId:920937336;,3600,604800,Mon Aug 28 11:23:18 PDT 2017,,,3VHP9MDGROXP0FQBOU0I9L8NC87CF6,AT84QVMJKN6PU,Submitted,Mon Aug 21 15:15:50 PDT 2017,Mon Aug 21 15:17:13 PDT 2017,Mon Aug 28 15:17:13 PDT 2017,,,,83,0% (0/0),0% (0/0),0% (0/0),http://svcl.ucsd.edu/~yingwei/internal/diving_share/firstphase/video_first10/V5parOfpuEQ_052.mp4,"[{""action1"":""Back"",""action2"":""35som"",""action3"":""NoTwis"",""action4"":""NoArms"",""athelete_name"":""Lin Yue"",""cam_view"":"""",""position"":""PIKE"",""slow_motion"":false,""start_time"":-1,""stop_time"":-1,""dive"":""3"",""difficulty"":3.6,""score_time"":42.18,""exe_score"":""9.5, 9.5, 10.0, 9.5, 9.5, 9.5,9.5""}]",,
3BO3NEOQM0UIU7X9FM5AI305HHFIAG,3TAPATTOAY4X2CANPY15VLJE4CZC9L,transcribe the information in the video,transcribe the information from the info board and score board,"transcribe, video, label",$0.02,Mon Aug 21 11:23:18 PDT 2017,1,BatchId:2913768;OriginalHitTemplateId:920937336;,3600,604800,Mon Aug 28 11:23:18 PDT 2017,,,3KYQYYSHYWKTBK9INTEJGLZJP9NODH,A19OH5PQ7ZZ6UV,Submitted,Mon Aug 21 16:54:31 PDT 2017,Mon Aug 21 16:56:36 PDT 2017,Mon Aug 28 16:56:36 PDT 2017,,,,125,0% (0/0),0% (0/0),0% (0/0),http://svcl.ucsd.edu/~yingwei/internal/diving_share/firstphase/video_first10/cYkUl8MrXgA_050.mp4,"[{""action1"":""Inward"",""action2"":""35som"",""action3"":""NoTwis"",""action4"":""NoArms"",""athelete_name"":""Eric Sehn"",""cam_view"":"""",""position"":""TUCK"",""slow_motion"":false,""start_time"":-1,""stop_time"":-1,""dive"":""2"",""difficulty"":3.2,""score_time"":41.27,""exe_score"":""6.5,6.5,6.5,6.0,7.0,6.5,7.0""}]",,
33TGB4G0LPUKZYLDK8WSGIDCTJ4XTG,3TAPATTOAY4X2CANPY15VLJE4CZC9L,transcribe the information in the video,transcribe the information from the info board and score board,"transcribe, video, label",$0.02,Mon Aug 21 11:23:18 PDT 2017,1,BatchId:2913768;OriginalHitTemplateId:920937336;,3600,604800,Mon Aug 28 11:23:18 PDT 2017,,,3FE2ERCCZYL20HC8S25EGFG83TYPO6,AU4WLB0B6LLUL,Submitted,Mon Aug 21 20:37:32 PDT 2017,Mon Aug 21 20:38:50 PDT 2017,Mon Aug 28 20:38:50 PDT 2017,,,,78,0% (0/0),0% (0/0),0% (0/0),http://svcl.ucsd.edu/~yingwei/internal/diving_share/firstphase/video_first10/sexZ6VnZ9yc_007.mp4,"[{""action1"":""Forward"",""action2"":""15som"",""action3"":""NoTwis"",""action4"":""NoArms"",""athelete_name"":""Kevin Giovany Garcia Alvarez"",""cam_view"":"""",""position"":""STR"",""slow_motion"":false,""start_time"":-1,""stop_time"":-1,""dive"":"""",""difficulty"":1.6,""score_time"":33,""exe_score"":""7.0, 7.5, 7.0, 7.0, 6.5, 6.5, 7.0""}]",,
3BVS8WK9Q08NDH21L056DEKBZZ0IBB,3TAPATTOAY4X2CANPY15VLJE4CZC9L,transcribe the information in the video,transcribe the information from the info board and score board,"transcribe, video, label",$0.02,Mon Aug 21 11:23:18 PDT 2017,1,BatchId:2913768;OriginalHitTemplateId:920937336;,3600,604800,Mon Aug 28 11:23:18 PDT 2017,,,30LSNF239V8WCO0ZS9HX05CTGA82I2,AU4WLB0B6LLUL,Submitted,Mon Aug 21 20:27:40 PDT 2017,Mon Aug 21 20:32:22 PDT 2017,Mon Aug 28 20:32:22 PDT 2017,,,,282,0% (0/0),0% (0/0),0% (0/0),http://svcl.ucsd.edu/~yingwei/internal/diving_share/firstphase/video_first10/cYkUl8MrXgA_022.mp4,"[{""action1"":""Forward"",""action2"":""35som"",""action3"":""NoTwis"",""action4"":""NoArms"",""athelete_name"":""Jose Antonio Guerra"",""cam_view"":"""",""position"":""PIKE"",""slow_motion"":false,""start_time"":-1,""stop_time"":-1,""dive"":"""",""difficulty"":3,""score_time"":0.36,""exe_score"":""6.5, 7.0, 6.5, 7.0, 6.0, 6.0, 6.5""}]",,
34KYK9TV2RLC7V5XQCZKHGQY8X2SBD,3TAPATTOAY4X2CANPY15VLJE4CZC9L,transcribe the information in the video,transcribe the information from the info board and score board,"transcribe, video, label",$0.02,Mon Aug 21 11:23:18 PDT 2017,1,BatchId:2913768;OriginalHitTemplateId:920937336;,3600,604800,Mon Aug 28 11:23:18 PDT 2017,,,3U5NZHP4LSFS80QLOPAOW6J7R7KPHI,AU4WLB0B6LLUL,Submitted,Mon Aug 21 20:32:32 PDT 2017,Mon Aug 21 20:35:28 PDT 2017,Mon Aug 28 20:35:28 PDT 2017,,,,176,0% (0/0),0% (0/0),0% (0/0),http://svcl.ucsd.edu/~yingwei/internal/diving_share/firstphase/video_first10/sexZ6VnZ9yc_020.mp4,"[{""action1"":""Inward"",""action2"":""15som"",""action3"":""NoTwis"",""action4"":""NoArms"",""athelete_name"":""Alexis Jandard"",""cam_view"":"""",""position"":""STR"",""slow_motion"":false,""start_time"":-1,""stop_time"":-1,""dive"":"""",""difficulty"":2,""score_time"":42.94,""exe_score"":""7.5, 7.5, 7.5, 7.5, 7.0, 7.0, 7.5""}]",,
3JMQI2OLFZI86FBCWC94DC4SOJ6ND3,3TAPATTOAY4X2CANPY15VLJE4CZC9L,transcribe the information in the video,transcribe the information from the info board and score board,"transcribe, video, label",$0.02,Mon Aug 21 11:23:18 PDT 2017,1,BatchId:2913768;OriginalHitTemplateId:920937336;,3600,604800,Mon Aug 28 11:23:18 PDT 2017,,,3KV0LJBBH3YZCR7BSEUQT6RI9AFMRM,AT84QVMJKN6PU,Submitted,Mon Aug 21 14:57:52 PDT 2017,Mon Aug 21 14:59:35 PDT 2017,Mon Aug 28 14:59:35 PDT 2017,,,,103,0% (0/0),0% (0/0),0% (0/0),http://svcl.ucsd.edu/~yingwei/internal/diving_share/firstphase/video_first10/ZAmJsIcfFOA_061.mp4,"[{""action1"":""Back"",""action2"":""3som"",""action3"":""NoTwis"",""action4"":""Arms"",""athelete_name"":""KIm Un Hyang"",""cam_view"":"""",""position"":""TUCK"",""slow_motion"":false,""start_time"":-1,""stop_time"":-1,""dive"":""3"",""difficulty"":3.3,""score_time"":41.15,""exe_score"":""5.0,5.5,4.0,5.0,4.0,2.5,5.0""}]",,
337F8MIIMZQSLN0C2V6DZWE93D304T,3TAPATTOAY4X2CANPY15VLJE4CZC9L,transcribe the information in the video,transcribe the information from the info board and score board,"transcribe, video, label",$0.02,Mon Aug 21 11:23:18 PDT 2017,1,BatchId:2913768;OriginalHitTemplateId:920937336;,3600,604800,Mon Aug 28 11:23:18 PDT 2017,,,38BQUHLA9XDWFEFV0MDMZBMDYNTMOB,AT84QVMJKN6PU,Submitted,Mon Aug 21 14:48:53 PDT 2017,Mon Aug 21 14:52:49 PDT 2017,Mon Aug 28 14:52:49 PDT 2017,,,,236,0% (0/0),0% (0/0),0% (0/0),http://svcl.ucsd.edu/~yingwei/internal/diving_share/firstphase/video_first10/egsanPCCIzQ_028.mp4,"[{""action1"":""Back"",""action2"":""2som"",""action3"":""15Twis"",""action4"":""Arms"",""athelete_name"":""Moi NAKAGAWA"",""cam_view"":"""",""position"":""FREE"",""slow_motion"":false,""start_time"":-1,""stop_time"":-1,""dive"":""3"",""difficulty"":3.2,""score_time"":43.32,""exe_score"":""6.5,6.0,6.5,7.5,7.0,6.0,7.0""}]",,
3K1H3NEY7LC2WNUQ98W9NSVVN7KDGL,3TAPATTOAY4X2CANPY15VLJE4CZC9L,transcribe the information in the video,transcribe the information from the info board and score board,"transcribe, video, label",$0.02,Mon Aug 21 11:23:18 PDT 2017,1,BatchId:2913768;OriginalHitTemplateId:920937336;,3600,604800,Mon Aug 28 11:23:18 PDT 2017,,,3DZQRBDBSMSARKZE1LPGNHN8VLJS32,AT84QVMJKN6PU,Submitted,Mon Aug 21 15:03:37 PDT 2017,Mon Aug 21 15:05:22 PDT 2017,Mon Aug 28 15:05:22 PDT 2017,,,,105,0% (0/0),0% (0/0),0% (0/0),http://svcl.ucsd.edu/~yingwei/internal/diving_share/firstphase/video_first10/Y4ARBzok9aU_032.mp4,"[{""action1"":""Back"",""action2"":""3som"",""action3"":""NoTwis"",""action4"":""Arms"",""athelete_name"":""Thomas Daley"",""cam_view"":"""",""position"":""PIKE"",""slow_motion"":false,""start_time"":-1,""stop_time"":-1,""dive"":""3"",""difficulty"":3.5,""score_time"":53.41,""exe_score"":""9.0,8.5,9.0,8.5,9.0,9.0,8.5""}]",,
3IKDQS3DQED6NMU7Z011OYQTHK0ICI,3TAPATTOAY4X2CANPY15VLJE4CZC9L,transcribe the information in the video,transcribe the information from the info board and score board,"transcribe, video, label",$0.02,Mon Aug 21 11:23:18 PDT 2017,1,BatchId:2913768;OriginalHitTemplateId:920937336;,3600,604800,Mon Aug 28 11:23:18 PDT 2017,,,3VSOLARPKCMSM53FSFPP6MII3VV935,A3OO2DFYKVPU2A,Submitted,Mon Aug 21 11:58:56 PDT 2017,Mon Aug 21 12:00:39 PDT 2017,Mon Aug 28 12:00:39 PDT 2017,,,,103,0% (0/0),0% (0/0),0% (0/0),http://svcl.ucsd.edu/~yingwei/internal/diving_share/firstphase/video_first10/Y4ARBzok9aU_012.mp4,"[{""action1"":""Back"",""action2"":""25som"",""action3"":""25Twis"",""action4"":""NoArms"",""athelete_name"":""Riley McCormick"",""cam_view"":"""",""position"":""PIKE"",""slow_motion"":false,""start_time"":-1,""stop_time"":-1,""dive"":"""",""difficulty"":3.6,""score_time"":46.9,""exe_score"":""8.0,7.5,8.0,8.0,8.0,8.0,7.5""}]",,
3VZYA8PITOBAH64CG0PN4OKN39Y05Y,3TAPATTOAY4X2CANPY15VLJE4CZC9L,transcribe the information in the video,transcribe the information from the info board and score board,"transcribe, video, label",$0.02,Mon Aug 21 11:23:18 PDT 2017,1,BatchId:2913768;OriginalHitTemplateId:920937336;,3600,604800,Mon Aug 28 11:23:18 PDT 2017,,,3L0KT67Y8FTB7NW2Q6I6DBJL4MXYSX,A19OH5PQ7ZZ6UV,Submitted,Mon Aug 21 17:00:36 PDT 2017,Mon Aug 21 17:12:04 PDT 2017,Mon Aug 28 17:12:04 PDT 2017,,,,688,0% (0/0),0% (0/0),0% (0/0),http://svcl.ucsd.edu/~yingwei/internal/diving_share/firstphase/video_first10/RWNrARSbRCY_020.mp4,"[{""action1"":""Back"",""action2"":""3som"",""action3"":""NoTwis"",""action4"":""Arms"",""athelete_name"":""Roseline Filion"",""cam_view"":"""",""position"":""STR"",""slow_motion"":false,""start_time"":-1,""stop_time"":-1,""dive"":""4"",""difficulty"":3.3,""score_time"":72.23,""exe_score"":""7.0,6.0,7.0,7.5,7.0,7.0,7.0""}]",,
335HHSX8CDIGWJP1TEER8S7W27XDHK,3TAPATTOAY4X2CANPY15VLJE4CZC9L,transcribe the information in the video,transcribe the information from the info board and score board,"transcribe, video, label",$0.02,Mon Aug 21 11:23:18 PDT 2017,1,BatchId:2913768;OriginalHitTemplateId:920937336;,3600,604800,Mon Aug 28 11:23:18 PDT 2017,,,3RXPCZQMQQOBRCC8JHHGAAP89R11GR,A1ZQAXNPFLU0V1,Submitted,Mon Aug 21 19:08:29 PDT 2017,Mon Aug 21 19:12:17 PDT 2017,Mon Aug 28 19:12:17 PDT 2017,,,,228,0% (0/0),0% (0/0),0% (0/0),http://svcl.ucsd.edu/~yingwei/internal/diving_share/firstphase/video_first10/sexZ6VnZ9yc_005.mp4,"[{""action1"":""Forward"",""action2"":""Dive"",""action3"":""NoTwis"",""action4"":""NoArms"",""athelete_name"":""Philippe Gagne"",""cam_view"":"""",""position"":""STR"",""slow_motion"":false,""start_time"":-1,""stop_time"":-1,""dive"":"""",""difficulty"":1.6,""score_time"":30.24,""exe_score"":""6.5,7.5,7.0,8.0,7.0,7.0,7.5""}]",,
3Y40HMYLL1VZZB02KDM2LEZECXBXU7,3TAPATTOAY4X2CANPY15VLJE4CZC9L,transcribe the information in the video,transcribe the information from the info board and score board,"transcribe, video, label",$0.02,Mon Aug 21 11:23:18 PDT 2017,1,BatchId:2913768;OriginalHitTemplateId:920937336;,3600,604800,Mon Aug 28 11:23:18 PDT 2017,,,34PGFRQONPOEJFICOBR40D7IXV7WJ3,AT84QVMJKN6PU,Submitted,Mon Aug 21 15:18:31 PDT 2017,Mon Aug 21 15:20:00 PDT 2017,Mon Aug 28 15:20:00 PDT 2017,,,,89,0% (0/0),0% (0/0),0% (0/0),http://svcl.ucsd.edu/~yingwei/internal/diving_share/firstphase/video_first10/qD3IMtAanSg_030.mp4,"[{""action1"":""Back"",""action2"":""25som"",""action3"":""25Twis"",""action4"":""NoArms"",""athelete_name"":""Aissen Chen"",""cam_view"":"""",""position"":""STR"",""slow_motion"":false,""start_time"":-1,""stop_time"":-1,""dive"":""52558"",""difficulty"":3.6,""score_time"":42.76,""exe_score"":""9.0,9.5,9.5,8.5,8.5,8.5,9.0""}]",,
3EAWOID6MTARF0JRMR708MEMGXZV0Z,3TAPATTOAY4X2CANPY15VLJE4CZC9L,transcribe the information in the video,transcribe the information from the info board and score board,"transcribe, video, label",$0.02,Mon Aug 21 11:23:18 PDT 2017,1,BatchId:2913768;OriginalHitTemplateId:920937336;,3600,604800,Mon Aug 28 11:23:18 PDT 2017,,,3G2UL9A02ERN5524WKP3ZT3WIW867V,AAMTSEDQYCRKI,Submitted,Mon Aug 21 11:50:50 PDT 2017,Mon Aug 21 11:52:29 PDT 2017,Mon Aug 28 11:52:29 PDT 2017,,,,99,0% (0/0),0% (0/0),0% (0/0),http://svcl.ucsd.edu/~yingwei/internal/diving_share/firstphase/video_first10/sexZ6VnZ9yc_038.mp4,"[{""action1"":""Forward"",""action2"":""15som"",""action3"":""1Twis"",""action4"":""NoArms"",""athelete_name"":""Phillipe Cagne"",""cam_view"":"""",""position"":""STR"",""slow_motion"":false,""start_time"":-1,""stop_time"":-1,""dive"":"""",""difficulty"":2.1,""score_time"":34.09,""exe_score"":""7.0,7.0,7.0,6.5,7.5,7.0,7.0""}]",,
3YLTXLH3DFJPLGSRYN5M8MOLGQ0PHA,3TAPATTOAY4X2CANPY15VLJE4CZC9L,transcribe the information in the video,transcribe the information from the info board and score board,"transcribe, video, label",$0.02,Mon Aug 21 11:23:19 PDT 2017,1,BatchId:2913768;OriginalHitTemplateId:920937336;,3600,604800,Mon Aug 28 11:23:19 PDT 2017,,,3DZQRBDBSMSARKZE1LPGNHN8VL03SU,AX9YGUHEVZ2P7,Submitted,Mon Aug 21 16:36:37 PDT 2017,Mon Aug 21 16:39:43 PDT 2017,Mon Aug 28 16:39:43 PDT 2017,,,,186,0% (0/0),0% (0/0),0% (0/0),http://svcl.ucsd.edu/~yingwei/internal/diving_share/firstphase/video_first10/RWNrARSbRCY_006.mp4,"[{""action1"":""Back"",""action2"":""15som"",""action3"":""NoTwis"",""action4"":""NoArms"",""athelete_name"":""Alejanra Drozco"",""cam_view"":"""",""position"":""FREE"",""slow_motion"":false,""start_time"":-1,""stop_time"":-1,""dive"":""6243D"",""difficulty"":3.2,""score_time"":64.84,""exe_score"":""7.5,8.0,8.0,8.08.0,7.5,7.5""}]",,
3NI0WFPPI9T60A4QLJZSWUYNZ4906E,3TAPATTOAY4X2CANPY15VLJE4CZC9L,transcribe the information in the video,transcribe the information from the info board and score board,"transcribe, video, label",$0.02,Mon Aug 21 11:23:19 PDT 2017,1,BatchId:2913768;OriginalHitTemplateId:920937336;,3600,604800,Mon Aug 28 11:23:19 PDT 2017,,,3R6P78PK7LOC0WOHL01QGG8319AGTV,AT84QVMJKN6PU,Submitted,Mon Aug 21 15:23:11 PDT 2017,Mon Aug 21 15:25:36 PDT 2017,Mon Aug 28 15:25:36 PDT 2017,,,,145,0% (0/0),0% (0/0),0% (0/0),http://svcl.ucsd.edu/~yingwei/internal/diving_share/firstphase/video_first10/czXA41QTops_009.mp4,"[{""action1"":""Inward"",""action2"":""35som"",""action3"":""NoTwis"",""action4"":""NoArms"",""athelete_name"":""Meaghan Benfeito"",""cam_view"":"""",""position"":""TUCK"",""slow_motion"":false,""start_time"":-1,""stop_time"":-1,""dive"":""407C"",""difficulty"":3.2,""score_time"":70.04,""exe_score"":""9.0,8.5,8.5,9.0,8.5,8.5,9.0""}]",,
3DWGDA5POFHRMP49IAB0MRXWLP5V12,3TAPATTOAY4X2CANPY15VLJE4CZC9L,transcribe the information in the video,transcribe the information from the info board and score board,"transcribe, video, label",$0.02,Mon Aug 21 11:23:19 PDT 2017,1,BatchId:2913768;OriginalHitTemplateId:920937336;,3600,604800,Mon Aug 28 11:23:19 PDT 2017,,,3AMYWKA6YCZUQBU3D665AFPR8LJ6OM,A24JLI0VZP59WK,Submitted,Mon Aug 21 12:00:49 PDT 2017,Mon Aug 21 12:03:35 PDT 2017,Mon Aug 28 12:03:35 PDT 2017,,,,166,0% (0/0),0% (0/0),0% (0/0),http://svcl.ucsd.edu/~yingwei/internal/diving_share/firstphase/video_first10/cYkUl8MrXgA_031.mp4,"[{""action1"":""Forward"",""action2"":""Dive"",""action3"":""NoTwis"",""action4"":""NoArms"",""athelete_name"":""Peter Waterfield"",""cam_view"":"""",""position"":""TUCK"",""slow_motion"":false,""start_time"":-1,""stop_time"":-1,""dive"":"""",""difficulty"":3.3,""score_time"":2.12,""exe_score"":""7.0, 6.5, 6.5, 6.0, 7.0, 6.5, 7.0""}]",,
375VMB7D4JWGSE0LZWWC848B2KCDID,3TAPATTOAY4X2CANPY15VLJE4CZC9L,transcribe the information in the video,transcribe the information from the info board and score board,"transcribe, video, label",$0.02,Mon Aug 21 11:23:19 PDT 2017,1,BatchId:2913768;OriginalHitTemplateId:920937336;,3600,604800,Mon Aug 28 11:23:19 PDT 2017,,,3YJ6NA41JCTOZ6LBCPD98JZM4YNJPE,A1ZQAXNPFLU0V1,Submitted,Mon Aug 21 19:02:50 PDT 2017,Mon Aug 21 19:08:20 PDT 2017,Mon Aug 28 19:08:20 PDT 2017,,,,330,0% (0/0),0% (0/0),0% (0/0),http://svcl.ucsd.edu/~yingwei/internal/diving_share/firstphase/video_first10/ZAmJsIcfFOA_029.mp4,"[{""action1"":""Inward"",""action2"":""Dive"",""action3"":""NoTwis"",""action4"":""NoArms"",""athelete_name"":""Iuliia PROKOPCHUK"",""cam_view"":"""",""position"":""TUCK"",""slow_motion"":false,""start_time"":-1,""stop_time"":-1,""dive"":"""",""difficulty"":3.2,""score_time"":38.53,""exe_score"":""8.5,8.0,8.0,8.5,8.0,9.08.5""}]",,
375VMB7D4JWGSE0LZWWC848B2KCIDI,3TAPATTOAY4X2CANPY15VLJE4CZC9L,transcribe the information in the video,transcribe the information from the info board and score board,"transcribe, video, label",$0.02,Mon Aug 21 11:23:19 PDT 2017,1,BatchId:2913768;OriginalHitTemplateId:920937336;,3600,604800,Mon Aug 28 11:23:19 PDT 2017,,,3OJSZ2ATDT9RM12QR1FY7NPWM3257N,AT84QVMJKN6PU,Submitted,Mon Aug 21 15:14:18 PDT 2017,Mon Aug 21 15:15:44 PDT 2017,Mon Aug 28 15:15:44 PDT 2017,,,,86,0% (0/0),0% (0/0),0% (0/0),http://svcl.ucsd.edu/~yingwei/internal/diving_share/firstphase/video_first10/egsanPCCIzQ_032.mp4,"[{""action1"":""Forward"",""action2"":""25som"",""action3"":""1Twis"",""action4"":""NoArms"",""athelete_name"":""Fuka Tatsumi"",""cam_view"":"""",""position"":""PIKE"",""slow_motion"":false,""start_time"":-1,""stop_time"":-1,""dive"":""4"",""difficulty"":2.9,""score_time"":37.28,""exe_score"":""7.5,7.0,7.0,7.0,7.5,7.5,7.5""}]",,
344M16OZKISDYLPCS7KOJUMDOV7NEW,3TAPATTOAY4X2CANPY15VLJE4CZC9L,transcribe the information in the video,transcribe the information from the info board and score board,"transcribe, video, label",$0.02,Mon Aug 21 11:23:19 PDT 2017,1,BatchId:2913768;OriginalHitTemplateId:920937336;,3600,604800,Mon Aug 28 11:23:19 PDT 2017,,,382M9COHEISTGV7FFA1CL99T77VEUW,AT84QVMJKN6PU,Submitted,Mon Aug 21 15:05:27 PDT 2017,Mon Aug 21 15:07:03 PDT 2017,Mon Aug 28 15:07:03 PDT 2017,,,,96,0% (0/0),0% (0/0),0% (0/0),http://svcl.ucsd.edu/~yingwei/internal/diving_share/firstphase/video_first10/ZAmJsIcfFOA_058.mp4,"[{""action1"":""Back"",""action2"":""2som"",""action3"":""15Twis"",""action4"":""Arms"",""athelete_name"":""Christin Steuer"",""cam_view"":"""",""position"":""FREE"",""slow_motion"":false,""start_time"":-1,""stop_time"":-1,""dive"":""3"",""difficulty"":3.2,""score_time"":46.61,""exe_score"":""7.5,8.0,7.5,7.5,7.5,8.0,7.0""}]",,
3SNR5F7R926LKKELVR7WEMQW2WDIEB,3TAPATTOAY4X2CANPY15VLJE4CZC9L,transcribe the information in the video,transcribe the information from the info board and score board,"transcribe, video, label",$0.02,Mon Aug 21 11:23:19 PDT 2017,1,BatchId:2913768;OriginalHitTemplateId:920937336;,3600,604800,Mon Aug 28 11:23:19 PDT 2017,,,3OB0CAO74I2MHEIMFC679XCJV9XYHP,A3OO2DFYKVPU2A,Submitted,Mon Aug 21 12:00:40 PDT 2017,Mon Aug 21 12:02:16 PDT 2017,Mon Aug 28 12:02:16 PDT 2017,,,,96,0% (0/0),0% (0/0),0% (0/0),http://svcl.ucsd.edu/~yingwei/internal/diving_share/firstphase/video_first10/ZAmJsIcfFOA_057.mp4,"[{""action1"":""Back"",""action2"":""25som"",""action3"":""15Twis"",""action4"":""NoArms"",""athelete_name"":""Noemi BATKI"",""cam_view"":"""",""position"":""PIKE"",""slow_motion"":false,""start_time"":-1,""stop_time"":-1,""dive"":"""",""difficulty"":3.2,""score_time"":42.45,""exe_score"":""7.5,7.0,7.0,7.0,7.0,6.5,7.0""}]",,
3B9J25CZ25QVH0X34CVFS0WGQI2SCK,3TAPATTOAY4X2CANPY15VLJE4CZC9L,transcribe the information in the video,transcribe the information from the info board and score board,"transcribe, video, label",$0.02,Mon Aug 21 11:23:19 PDT 2017,1,BatchId:2913768;OriginalHitTemplateId:920937336;,3600,604800,Mon Aug 28 11:23:19 PDT 2017,,,3NVC2EB65RC7N6BN0RH553B9C5YY33,AZLZA0Q87TJZO,Submitted,Mon Aug 21 13:50:45 PDT 2017,Mon Aug 21 13:51:42 PDT 2017,Mon Aug 28 13:51:42 PDT 2017,,,,57,0% (0/0),0% (0/0),0% (0/0),http://svcl.ucsd.edu/~yingwei/internal/diving_share/firstphase/video_first10/cYkUl8MrXgA_054.mp4,"[{""action1"":""Back"",""action2"":""35som"",""action3"":""NoTwis"",""action4"":""NoArms"",""athelete_name"":""Jose Antonio Guerra"",""cam_view"":"""",""position"":""PIKE"",""slow_motion"":false,""start_time"":-1,""stop_time"":-1,""dive"":"""",""difficulty"":3.6,""score_time"":33.22,""exe_score"":""2.0,2.5,1.5,2.0,1.5,2.0,2.0""}]",,
39O6Z4JLX2AZCQP2P3W7H01XQ4KXVW,3TAPATTOAY4X2CANPY15VLJE4CZC9L,transcribe the information in the video,transcribe the information from the info board and score board,"transcribe, video, label",$0.02,Mon Aug 21 11:23:19 PDT 2017,1,BatchId:2913768;OriginalHitTemplateId:920937336;,3600,604800,Mon Aug 28 11:23:19 PDT 2017,,,3KWTYT0871GQ1MRSVVG8QS7XHNL5LA,A19OH5PQ7ZZ6UV,Submitted,Mon Aug 21 16:56:45 PDT 2017,Mon Aug 21 17:00:29 PDT 2017,Mon Aug 28 17:00:29 PDT 2017,,,,224,0% (0/0),0% (0/0),0% (0/0),http://svcl.ucsd.edu/~yingwei/internal/diving_share/firstphase/video_first10/sexZ6VnZ9yc_021.mp4,"[{""action1"":""Inward"",""action2"":""15som"",""action3"":""NoTwis"",""action4"":""NoArms"",""athelete_name"":""Jonathan Chan"",""cam_view"":"""",""position"":""STR"",""slow_motion"":false,""start_time"":-1,""stop_time"":-1,""dive"":""2"",""difficulty"":2,""score_time"":39.69,""exe_score"":""7.6,7.5,7.5,7.5,7.0,8.0,7.5""}]",,
36KM3FWE3RPP4AIV4T4K28YJUFT07D,3TAPATTOAY4X2CANPY15VLJE4CZC9L,transcribe the information in the video,transcribe the information from the info board and score board,"transcribe, video, label",$0.02,Mon Aug 21 11:23:19 PDT 2017,1,BatchId:2913768;OriginalHitTemplateId:920937336;,3600,604800,Mon Aug 28 11:23:19 PDT 2017,,,3G5F9DBFOQA5DKNHA1JN2Y8PDUTHV1,AT84QVMJKN6PU,Submitted,Mon Aug 21 14:55:54 PDT 2017,Mon Aug 21 14:57:47 PDT 2017,Mon Aug 28 14:57:47 PDT 2017,,,,113,0% (0/0),0% (0/0),0% (0/0),http://svcl.ucsd.edu/~yingwei/internal/diving_share/firstphase/video_first10/ZAmJsIcfFOA_013.mp4,"[{""action1"":""Forward"",""action2"":""35som"",""action3"":""NoTwis"",""action4"":""NoArms"",""athelete_name"":""Mendoza Hernandez"",""cam_view"":"""",""position"":""PIKE"",""slow_motion"":false,""start_time"":-1,""stop_time"":-1,""dive"":""1"",""difficulty"":3,""score_time"":51.4,""exe_score"":""7.0,7.5,7.5,7.0,7.5,7.0,7.0""}]",,
32L724R85LXPHB3B45N78YP0G3FPI3,3TAPATTOAY4X2CANPY15VLJE4CZC9L,transcribe the information in the video,transcribe the information from the info board and score board,"transcribe, video, label",$0.02,Mon Aug 21 11:23:19 PDT 2017,1,BatchId:2913768;OriginalHitTemplateId:920937336;,3600,604800,Mon Aug 28 11:23:19 PDT 2017,,,36NEMU28XGQ4KNOXR84WG5ZZ1OGMW9,AZLZA0Q87TJZO,Submitted,Mon Aug 21 13:52:44 PDT 2017,Mon Aug 21 13:54:03 PDT 2017,Mon Aug 28 13:54:03 PDT 2017,,,,79,0% (0/0),0% (0/0),0% (0/0),http://svcl.ucsd.edu/~yingwei/internal/diving_share/firstphase/video_first10/LNMISxO35S0_016.mp4,"[{""action1"":""Reverse"",""action2"":""35som"",""action3"":""NoTwis"",""action4"":""NoArms"",""athelete_name"":""Wang Anqi"",""cam_view"":"""",""position"":""TUCK"",""slow_motion"":false,""start_time"":-1,""stop_time"":-1,""dive"":""2"",""difficulty"":3.4,""score_time"":48.04,""exe_score"":""4.0,5.0,4.5,5.5,4.5,4.5,4.5""}]",,
3TUOHPJXYHACRFP7FD1332KBXDMXW6,3TAPATTOAY4X2CANPY15VLJE4CZC9L,transcribe the information in the video,transcribe the information from the info board and score board,"transcribe, video, label",$0.02,Mon Aug 21 11:23:19 PDT 2017,1,BatchId:2913768;OriginalHitTemplateId:920937336;,3600,604800,Mon Aug 28 11:23:19 PDT 2017,,,3TK8OJTYM2YXQ1L5TERSB7AGZJ2PV9,A1RZT7L92M3XY0,Submitted,Mon Aug 21 11:25:43 PDT 2017,Mon Aug 21 11:34:14 PDT 2017,Mon Aug 28 11:34:14 PDT 2017,,,,511,0% (0/0),0% (0/0),0% (0/0),http://svcl.ucsd.edu/~yingwei/internal/diving_share/firstphase/video_first10/ZAmJsIcfFOA_025.mp4,"[{""action1"":""Back"",""action2"":""2som"",""action3"":""15Twis"",""action4"":""Arms"",""athelete_name"":""Brittany Viola"",""cam_view"":"""",""position"":""FREE"",""slow_motion"":false,""start_time"":-1,""stop_time"":-1,""dive"":"""",""difficulty"":3.2,""score_time"":63.88,""exe_score"":""8.0,8.5,7.0,6.5,7.5,8.0,7.5""}]",,
324N5FAHSXOTSQQVQKHIR6TVUV5KVU,3TAPATTOAY4X2CANPY15VLJE4CZC9L,transcribe the information in the video,transcribe the information from the info board and score board,"transcribe, video, label",$0.02,Mon Aug 21 11:23:19 PDT 2017,1,BatchId:2913768;OriginalHitTemplateId:920937336;,3600,604800,Mon Aug 28 11:23:19 PDT 2017,,,3B3WTRP3DCF31N7WOFBKNCDQXJX920,AT84QVMJKN6PU,Submitted,Mon Aug 21 15:10:14 PDT 2017,Mon Aug 21 15:11:27 PDT 2017,Mon Aug 28 15:11:27 PDT 2017,,,,73,0% (0/0),0% (0/0),0% (0/0),http://svcl.ucsd.edu/~yingwei/internal/diving_share/firstphase/video_first10/ZAmJsIcfFOA_044.mp4,"[{""action1"":""Forward"",""action2"":""35som"",""action3"":""NoTwis"",""action4"":""NoArms"",""athelete_name"":""Annia Rivera"",""cam_view"":"""",""position"":""PIKE"",""slow_motion"":false,""start_time"":-1,""stop_time"":-1,""dive"":""2"",""difficulty"":3,""score_time"":38.15,""exe_score"":""6.5,6.0,6.0,6.0,6.0,5.5,7.0""}]",,
3ZC62PVYDHNRGFUXPIXP5LYI6FSXXZ,3TAPATTOAY4X2CANPY15VLJE4CZC9L,transcribe the information in the video,transcribe the information from the info board and score board,"transcribe, video, label",$0.02,Mon Aug 21 11:23:19 PDT 2017,1,BatchId:2913768;OriginalHitTemplateId:920937336;,3600,604800,Mon Aug 28 11:23:19 PDT 2017,,,3137ONMDKHIABD6KV5CVHU82YXGEGS,A3OO2DFYKVPU2A,Submitted,Mon Aug 21 12:02:16 PDT 2017,Mon Aug 21 12:04:36 PDT 2017,Mon Aug 28 12:04:36 PDT 2017,,,,140,0% (0/0),0% (0/0),0% (0/0),http://svcl.ucsd.edu/~yingwei/internal/diving_share/firstphase/video_first10/qD3IMtAanSg_012.mp4,"[{""action1"":""Inward"",""action2"":""45som"",""action3"":""NoTwis"",""action4"":""NoArms"",""athelete_name"":""Aisen Chen"",""cam_view"":"""",""position"":""TUCK"",""slow_motion"":false,""start_time"":-1,""stop_time"":-1,""dive"":""409C"",""difficulty"":4.1,""score_time"":56.45,""exe_score"":""6.5,7.5,7.0,7.0,7.5,6.5,7.0""}]",,
3M0556243SX54ZP8NI4U1C7D0WMNFE,3TAPATTOAY4X2CANPY15VLJE4CZC9L,transcribe the information in the video,transcribe the information from the info board and score board,"transcribe, video, label",$0.02,Mon Aug 21 11:23:19 PDT 2017,1,BatchId:2913768;OriginalHitTemplateId:920937336;,3600,604800,Mon Aug 28 11:23:19 PDT 2017,,,3H7Z272LX8KUUW9BFAPMOYCE8OTPLP,AU4WLB0B6LLUL,Submitted,Mon Aug 21 20:35:31 PDT 2017,Mon Aug 21 20:37:09 PDT 2017,Mon Aug 28 20:37:09 PDT 2017,,,,98,0% (0/0),0% (0/0),0% (0/0),http://svcl.ucsd.edu/~yingwei/internal/diving_share/firstphase/video_first10/sexZ6VnZ9yc_012.mp4,"[{""action1"":""Inward"",""action2"":""15som"",""action3"":""NoTwis"",""action4"":""NoArms"",""athelete_name"":""Yang Hao"",""cam_view"":"""",""position"":""STR"",""slow_motion"":false,""start_time"":-1,""stop_time"":-1,""dive"":"""",""difficulty"":2,""score_time"":36.75,""exe_score"":""9.5, 9.5, 9.5, 9.5, 9.5, 9.5, 9.5""}]",,
30U1YOGZGA95MS3H48QQC6EYBIESDK,3TAPATTOAY4X2CANPY15VLJE4CZC9L,transcribe the information in the video,transcribe the information from the info board and score board,"transcribe, video, label",$0.02,Mon Aug 21 11:23:19 PDT 2017,1,BatchId:2913768;OriginalHitTemplateId:920937336;,3600,604800,Mon Aug 28 11:23:19 PDT 2017,,,3E337GFOLALE5JJXO4FE7H2BCPJNGS,AFHGUOVWFQOCV,Submitted,Mon Aug 21 12:13:12 PDT 2017,Mon Aug 21 12:20:50 PDT 2017,Mon Aug 28 12:20:50 PDT 2017,,,,458,0% (0/0),0% (0/0),0% (0/0),http://svcl.ucsd.edu/~yingwei/internal/diving_share/firstphase/video_first10/Y4ARBzok9aU_011.mp4,"[{""action1"":""Inward"",""action2"":""35som"",""action3"":""NoTwis"",""action4"":""NoArms"",""athelete_name"":""QIU BO"",""cam_view"":"""",""position"":""TUCK"",""slow_motion"":false,""start_time"":-1,""stop_time"":-1,""dive"":"""",""difficulty"":3.2,""score_time"":91.2,""exe_score"":""9.5,9.5,10.0,9.0,9.5,9.5,9.5""}]",,
32ZCLEW0BZXLCMNHMN87KZ40TI4PJF,3TAPATTOAY4X2CANPY15VLJE4CZC9L,transcribe the information in the video,transcribe the information from the info board and score board,"transcribe, video, label",$0.02,Mon Aug 21 11:23:19 PDT 2017,1,BatchId:2913768;OriginalHitTemplateId:920937336;,3600,604800,Mon Aug 28 11:23:19 PDT 2017,,,3EKVH9QMEZHF4DKD0VGM98WGO492D7,AT84QVMJKN6PU,Submitted,Mon Aug 21 15:01:00 PDT 2017,Mon Aug 21 15:03:33 PDT 2017,Mon Aug 28 15:03:33 PDT 2017,,,,153,0% (0/0),0% (0/0),0% (0/0),http://svcl.ucsd.edu/~yingwei/internal/diving_share/firstphase/video_first10/qD3IMtAanSg_018.mp4,"[{""action1"":""Back"",""action2"":""35som"",""action3"":""NoTwis"",""action4"":""NoArms"",""athelete_name"":""Alsen CHEN"",""cam_view"":"""",""position"":""STR"",""slow_motion"":false,""start_time"":-1,""stop_time"":-1,""dive"":""4/6"",""difficulty"":3.6,""score_time"":46.42,""exe_score"":""7.5,7.5,8.0,0.5,7.5,0.0""}]",,
3LCXHSGDLTJAEYHH031AIOWJBUFSED,3TAPATTOAY4X2CANPY15VLJE4CZC9L,transcribe the information in the video,transcribe the information from the info board and score board,"transcribe, video, label",$0.02,Mon Aug 21 11:23:19 PDT 2017,1,BatchId:2913768;OriginalHitTemplateId:920937336;,3600,604800,Mon Aug 28 11:23:19 PDT 2017,,,3TYCR1GOTDWO80BH2JNOFWESIMZZLH,A1ZQAXNPFLU0V1,Submitted,Mon Aug 21 19:12:58 PDT 2017,Mon Aug 21 19:17:44 PDT 2017,Mon Aug 28 19:17:44 PDT 2017,,,,286,0% (0/0),0% (0/0),0% (0/0),http://svcl.ucsd.edu/~yingwei/internal/diving_share/firstphase/video_first10/czXA41QTops_023.mp4,"[{""action1"":""Back"",""action2"":""Dive"",""action3"":""NoTwis"",""action4"":""NoArms"",""athelete_name"":""Huixia Liu"",""cam_view"":"""",""position"":""TUCK"",""slow_motion"":false,""start_time"":-1,""stop_time"":-1,""dive"":""207C"",""difficulty"":3.3,""score_time"":60.84,""exe_score"":""4.5,6.0,4.5,4.0,6.5,6.5,5.0""}]",,
3ZG552ORAMHYBAM51EBERA71DVJV2J,3TAPATTOAY4X2CANPY15VLJE4CZC9L,transcribe the information in the video,transcribe the information from the info board and score board,"transcribe, video, label",$0.02,Mon Aug 21 11:23:19 PDT 2017,1,BatchId:2913768;OriginalHitTemplateId:920937336;,3600,604800,Mon Aug 28 11:23:19 PDT 2017,,,3QUO65DNQV1FSMK49O48QL37B71UOC,A3OO2DFYKVPU2A,Submitted,Mon Aug 21 12:04:37 PDT 2017,Mon Aug 21 12:06:17 PDT 2017,Mon Aug 28 12:06:17 PDT 2017,,,,100,0% (0/0),0% (0/0),0% (0/0),http://svcl.ucsd.edu/~yingwei/internal/diving_share/firstphase/video_first10/ZAmJsIcfFOA_059.mp4,"[{""action1"":""Back"",""action2"":""2som"",""action3"":""15Twis"",""action4"":""Arms"",""athelete_name"":""Monique Gladding"",""cam_view"":"""",""position"":""FREE"",""slow_motion"":false,""start_time"":-1,""stop_time"":-1,""dive"":"""",""difficulty"":3.2,""score_time"":87.27,""exe_score"":""7.5,7.0,7.0,7.0,7.5,8.0,7.0""}]",,
3IJ95K7NDXPBIZL3Y2ACJX7P1BMNGD,3TAPATTOAY4X2CANPY15VLJE4CZC9L,transcribe the information in the video,transcribe the information from the info board and score board,"transcribe, video, label",$0.02,Mon Aug 21 11:23:19 PDT 2017,1,BatchId:2913768;OriginalHitTemplateId:920937336;,3600,604800,Mon Aug 28 11:23:19 PDT 2017,,,33OOO72IVIYZJK8CJE57QPNO3H7TCN,AT84QVMJKN6PU,Submitted,Mon Aug 21 14:52:58 PDT 2017,Mon Aug 21 14:55:35 PDT 2017,Mon Aug 28 14:55:35 PDT 2017,,,,157,0% (0/0),0% (0/0),0% (0/0),http://svcl.ucsd.edu/~yingwei/internal/diving_share/firstphase/video_first10/egsanPCCIzQ_020.mp4,"[{""action1"":""Forward"",""action2"":""35som"",""action3"":""NoTwis"",""action4"":""NoArms"",""athelete_name"":""Moi NAKAGAWA"",""cam_view"":"""",""position"":""PIKE"",""slow_motion"":false,""start_time"":-1,""stop_time"":-1,""dive"":""2"",""difficulty"":3,""score_time"":33.15,""exe_score"":""7.0,7.0,8.0,8.0,8.0,8.0,8.0""}]",,
37J05LC5AXWCNPKRHEHCK5NBFZ1DJP,3TAPATTOAY4X2CANPY15VLJE4CZC9L,transcribe the information in the video,transcribe the information from the info board and score board,"transcribe, video, label",$0.02,Mon Aug 21 11:23:19 PDT 2017,1,BatchId:2913768;OriginalHitTemplateId:920937336;,3600,604800,Mon Aug 28 11:23:19 PDT 2017,,,33PPO7FECWSJFYYFPY1EWO3XD0DDI0,AT84QVMJKN6PU,Submitted,Mon Aug 21 15:20:20 PDT 2017,Mon Aug 21 15:21:35 PDT 2017,Mon Aug 28 15:21:35 PDT 2017,,,,75,0% (0/0),0% (0/0),0% (0/0),http://svcl.ucsd.edu/~yingwei/internal/diving_share/firstphase/video_first10/ZAmJsIcfFOA_049.mp4,"[{""action1"":""Forward"",""action2"":""35som"",""action3"":""NoTwis"",""action4"":""NoArms"",""athelete_name"":""Mai Nakagawa"",""cam_view"":"""",""position"":""PIKE"",""slow_motion"":false,""start_time"":-1,""stop_time"":-1,""dive"":""2"",""difficulty"":3,""score_time"":45.97,""exe_score"":""8.0,8.0,8.0,7.5,7.5,8.0,8.0""}]",,
386T3MLZLN8T4ONEEYWQG8UE5ZZ080,3TAPATTOAY4X2CANPY15VLJE4CZC9L,transcribe the information in the video,transcribe the information from the info board and score board,"transcribe, video, label",$0.02,Mon Aug 21 11:23:19 PDT 2017,1,BatchId:2913768;OriginalHitTemplateId:920937336;,3600,604800,Mon Aug 28 11:23:19 PDT 2017,,,3Y4W8Q93L0XO14IFO50XBDTRL27VDD,AT84QVMJKN6PU,Submitted,Mon Aug 21 15:17:16 PDT 2017,Mon Aug 21 15:18:26 PDT 2017,Mon Aug 28 15:18:26 PDT 2017,,,,70,0% (0/0),0% (0/0),0% (0/0),http://svcl.ucsd.edu/~yingwei/internal/diving_share/firstphase/video_first10/cYkUl8MrXgA_083.mp4,"[{""action1"":""Back"",""action2"":""35som"",""action3"":""NoTwis"",""action4"":""NoArms"",""athelete_name"":""Bryan Nickson Lomas"",""cam_view"":"""",""position"":""TUCK"",""slow_motion"":false,""start_time"":-1,""stop_time"":-1,""dive"":""3"",""difficulty"":3.3,""score_time"":32.38,""exe_score"":""3.0,3.5,2.5,3.0,3.0,3.5,3.0""}]",,
3HUR21WDDU2GGKK7UEJROZ5R8LMXY5,3TAPATTOAY4X2CANPY15VLJE4CZC9L,transcribe the information in the video,transcribe the information from the info board and score board,"transcribe, video, label",$0.02,Mon Aug 21 11:23:19 PDT 2017,1,BatchId:2913768;OriginalHitTemplateId:920937336;,3600,604800,Mon Aug 28 11:23:19 PDT 2017,,,3TPWUS5F8AERB1C6EJAID9UN79SCWV,AAMTSEDQYCRKI,Submitted,Mon Aug 21 11:47:10 PDT 2017,Mon Aug 21 11:49:12 PDT 2017,Mon Aug 28 11:49:12 PDT 2017,,,,122,0% (0/0),0% (0/0),0% (0/0),http://svcl.ucsd.edu/~yingwei/internal/diving_share/firstphase/video_first10/Y4ARBzok9aU_004.mp4,"[{""action1"":""Inward"",""action2"":""35som"",""action3"":""NoTwis"",""action4"":""NoArms"",""athelete_name"":""Sascha Klein"",""cam_view"":"""",""position"":""TUCK"",""slow_motion"":false,""start_time"":-1,""stop_time"":-1,""dive"":"""",""difficulty"":3.2,""score_time"":31.48,""exe_score"":""8.0, 8.5, 8.5,8.0,8.5,8.5,8.0""}]",,
3MA5N0ATTCO67FQ0GUMED8C9147KW4,3TAPATTOAY4X2CANPY15VLJE4CZC9L,transcribe the information in the video,transcribe the information from the info board and score board,"transcribe, video, label",$0.02,Mon Aug 21 11:23:19 PDT 2017,1,BatchId:2913768;OriginalHitTemplateId:920937336;,3600,604800,Mon Aug 28 11:23:19 PDT 2017,,,3B1NLC6UG09E84VA4JS6B676C51GP0,AZLZA0Q87TJZO,Submitted,Mon Aug 21 13:51:42 PDT 2017,Mon Aug 21 13:52:44 PDT 2017,Mon Aug 28 13:52:44 PDT 2017,,,,62,0% (0/0),0% (0/0),0% (0/0),http://svcl.ucsd.edu/~yingwei/internal/diving_share/firstphase/video_first10/ZAmJsIcfFOA_009.mp4,"[{""action1"":""Forward"",""action2"":""35som"",""action3"":""NoTwis"",""action4"":""NoArms"",""athelete_name"":""Hu Yadan"",""cam_view"":"""",""position"":""PIKE"",""slow_motion"":false,""start_time"":-1,""stop_time"":-1,""dive"":"""",""difficulty"":3,""score_time"":42.61,""exe_score"":""8.0,7.0,7.5,7.5,7.5,7.5,7.5""}]",,
3SSN80MU8C1LWFVQQZI0FRQGA6DKXX,3TAPATTOAY4X2CANPY15VLJE4CZC9L,transcribe the information in the video,transcribe the information from the info board and score board,"transcribe, video, label",$0.02,Mon Aug 21 11:23:19 PDT 2017,1,BatchId:2913768;OriginalHitTemplateId:920937336;,3600,604800,Mon Aug 28 11:23:19 PDT 2017,,,30JNVC0ORAXD8CR0O2PDWB9HW2YHQR,A19OH5PQ7ZZ6UV,Submitted,Mon Aug 21 16:47:35 PDT 2017,Mon Aug 21 16:54:21 PDT 2017,Mon Aug 28 16:54:21 PDT 2017,,,,406,0% (0/0),0% (0/0),0% (0/0),http://svcl.ucsd.edu/~yingwei/internal/diving_share/firstphase/video_first10/ZAmJsIcfFOA_052.mp4,"[{""action1"":""Forward"",""action2"":""2som"",""action3"":""15Twis"",""action4"":""Arms"",""athelete_name"":""Audrey Labeau"",""cam_view"":"""",""position"":""FREE"",""slow_motion"":false,""start_time"":-1,""stop_time"":-1,""dive"":""3"",""difficulty"":3.2,""score_time"":58.8,""exe_score"":""6.5,6.5,7.0,6.5,7.5,5.5,6.5""}]",,
338GLSUI43O2KCHDVELG06HJNVUSFV,3TAPATTOAY4X2CANPY15VLJE4CZC9L,transcribe the information in the video,transcribe the information from the info board and score board,"transcribe, video, label",$0.02,Mon Aug 21 11:23:19 PDT 2017,1,BatchId:2913768;OriginalHitTemplateId:920937336;,3600,604800,Mon Aug 28 11:23:19 PDT 2017,,,3ZAK8W07I5RUP5SL732X0K7PD52U05,AZLZA0Q87TJZO,Submitted,Mon Aug 21 13:48:05 PDT 2017,Mon Aug 21 13:49:41 PDT 2017,Mon Aug 28 13:49:41 PDT 2017,,,,96,0% (0/0),0% (0/0),0% (0/0),http://svcl.ucsd.edu/~yingwei/internal/diving_share/firstphase/video_first10/ZAmJsIcfFOA_051.mp4,"[{""action1"":""Inward"",""action2"":""35som"",""action3"":""NoTwis"",""action4"":""NoArms"",""athelete_name"":""Brittany Voila"",""cam_view"":"""",""position"":""TUCK"",""slow_motion"":false,""start_time"":-1,""stop_time"":-1,""dive"":"""",""difficulty"":3.2,""score_time"":45.55,""exe_score"":""6.0,5.0,5.5,6.5,6.0,6.0,6.5""}]",,
